{
    "texture_width": 16,
    "texture_height": 16,
    "mesh": {
        "right_arm": {
            "part_pose": {
                "offset": [
                    -5,
                    2,
                    0
                ]
            },
            "cubes": [],
            "children": {
                "bone2": {
                    "part_pose": {
                        "offset": [
                            -0.5,
                            9.333333333333332,
                            -2.5
                        ],
                        "rotation": [
                            0.2181661564992912,
                            0,
                            0
                        ]
                    },
                    "cubes": [
                        {
                            "origin": [
                                -1,
                                -4.333333333333332,
                                0
                            ],
                            "dimensions": [
                                2,
                                3,
                                0
                            ],
                            "texture_offset": [
                                4,
                                5
                            ]
                        },
                        {
                            "origin": [
                                -1,
                                -4.333333333333332,
                                -1
                            ],
                            "dimensions": [
                                2,
                                3,
                                2
                            ],
                            "texture_offset": [
                                4,
                                0
                            ]
                        },
                        {
                            "origin": [
                                -0.5,
                                -1.3333333333333321,
                                -0.5
                            ],
                            "dimensions": [
                                1,
                                14,
                                1
                            ],
                            "texture_offset": [
                                0,
                                0
                            ]
                        }
                    ],
                    "children": {}
                }
            }
        },
        "left_leg": {
            "part_pose": {
                "offset": [
                    1.9,
                    12,
                    0
                ]
            },
            "cubes": [],
            "children": {}
        },
        "jacket": {
            "cubes": [],
            "children": {}
        },
        "body": {
            "cubes": [],
            "children": {}
        },
        "head": {
            "cubes": [],
            "children": {}
        },
        "left_sleeve": {
            "part_pose": {
                "offset": [
                    5,
                    2,
                    0
                ]
            },
            "cubes": [],
            "children": {}
        },
        "right_sleeve": {
            "part_pose": {
                "offset": [
                    -5,
                    2,
                    0
                ]
            },
            "cubes": [],
            "children": {}
        },
        "left_arm": {
            "part_pose": {
                "offset": [
                    5,
                    2,
                    0
                ]
            },
            "cubes": [],
            "children": {
                "bone": {
                    "part_pose": {
                        "offset": [
                            0.5,
                            9.333333333333332,
                            -2.5
                        ],
                        "rotation": [
                            0.2181661564992912,
                            0,
                            0
                        ]
                    },
                    "cubes": [
                        {
                            "origin": [
                                -1,
                                -4.333333333333332,
                                0
                            ],
                            "dimensions": [
                                2,
                                3,
                                0
                            ],
                            "texture_offset": [
                                4,
                                5
                            ]
                        },
                        {
                            "origin": [
                                -1,
                                -4.333333333333332,
                                -1
                            ],
                            "dimensions": [
                                2,
                                3,
                                2
                            ],
                            "texture_offset": [
                                4,
                                0
                            ]
                        },
                        {
                            "origin": [
                                -0.5,
                                -1.3333333333333321,
                                -0.5
                            ],
                            "dimensions": [
                                1,
                                14,
                                1
                            ],
                            "texture_offset": [
                                0,
                                0
                            ]
                        }
                    ],
                    "children": {}
                }
            }
        },
        "right_leg": {
            "part_pose": {
                "offset": [
                    -1.9,
                    12,
                    0
                ]
            },
            "cubes": [],
            "children": {}
        },
        "cloak": {
            "cubes": [],
            "children": {}
        },
        "ear": {
            "cubes": [],
            "children": {}
        },
        "right_pants": {
            "part_pose": {
                "offset": [
                    -1.9,
                    12,
                    0
                ]
            },
            "cubes": [],
            "children": {}
        },
        "hat": {
            "cubes": [],
            "children": {}
        },
        "left_pants": {
            "part_pose": {
                "offset": [
                    1.9,
                    12,
                    0
                ]
            },
            "cubes": [],
            "children": {}
        }
    }
}